Comment,Designator,Footprint,LCSC
"BAT 18650","BAT1","Connector_JST:JST_XH_B2B-XH-A_1x02_P2.50mm_Vertical","C158012 "
"Buzzer 3V-5V","BZ1","Buzzer_Beeper:Buzzer_12x9.5RM7.6","C482354 "
"10uF ±10% 16V X7R 1206","C1,C14,C56,C57,C59,C62,C79,C83,C94,C95,C96,C97,C98,C99,C100,C101","Capacitor_SMD:C_1206_3216Metric","C337451"
"100n (Not Placed)","C16","Capacitor_SMD:C_1206_3216Metric",""
"10u (Not Placed)","C15,C17","Capacitor_SMD:C_1206_3216Metric",""
"100n (Not Placed)","C18,C66","Capacitor_SMD:C_0805_2012Metric",""
"1n","C2,C3,C4,C8,C9,C42,C43,C44","Capacitor_SMD:C_0805_2012Metric","C519910"
"20p","C19,C20","Capacitor_SMD:C_0805_2012Metric","C176292"
"2.2u","C22,C24","Capacitor_SMD:C_0805_2012Metric","C466790"
"4.7u","C25","Capacitor_SMD:C_1206_3216Metric","C382118"
"4.7u","C31","Capacitor_SMD:C_0805_2012Metric","C163186"
"1u","C21,C30,C39","Capacitor_SMD:C_0805_2012Metric","C344171"
"220u 10V","C48,C49","Capacitor_Tantalum_SMD:CP_EIA-7343-31_Kemet-D","C116743"
"47u","C13,C51","Capacitor_Tantalum_SMD:CP_EIA-6032-28_Kemet-C","C7219"
"22n","C12,C50,C52,C53","Capacitor_SMD:C_0805_2012Metric","C327278"
"10nF ±10% 50V X7R 0805","C54","Capacitor_SMD:C_0805_2012Metric","C83170"
"4.7uF ±20% 50V X7R 1206","C55,C93","Capacitor_SMD:C_1206_3216Metric","C961529"
"100nF ±10% 50V X7R 0805","C58","Capacitor_SMD:C_0805_2012Metric","C696916"
"100n","C5,C6,C7,C10,C11,C23,C26,C27,C28,C29,C32,C33,C34,C35,C36,C37,C38,C40,C41,C45,C46,C47,C60,C61,C63,C65,C67,C68,C69,C70,C71,C72,C73,C74,C75,C80,C84,C85,C86,C87,C88,C89,C90,C91,C92,C102,C103,C104,C105","Capacitor_SMD:C_0805_2012Metric","C396718"
"2n2","C64","Capacitor_SMD:C_0805_2012Metric","C308877"
"100n (Not placed)","C76","Capacitor_SMD:C_0805_2012Metric",""
"47n","C77","Capacitor_SMD:C_0805_2012Metric","C424846"
"100nF ±20% 25V X7R 0805","C78","Capacitor_SMD:C_0805_2012Metric","C396718"
"10n","C81,C82","Capacitor_SMD:C_0805_2012Metric","C519911"
"18V","D1","Diode_SMD:D_SOD-323","C61848"
"SS56","D10","Diode_SMD:D_SMA","C513479"
"LED","D7,D8,D11,D12","Connector_PinHeader_2.54mm:PinHeader_1x02_P2.54mm_Vertical","C358684"
"SS54","D14,D58","Diode_SMD:D_SMA","C511853"
"5V6","D15","Diode_SMD:D_SOD-323","C48886"
"P6SMB36A","D2","Diode_SMD:D_SMB","C151222"
"1N4148","D3,D4,D5,D6,D13","Diode_SMD:D_SOD-323","C448648"
"SD03","D16,D17,D18,D19,D20,D21,D22,D23,D24,D25,D26,D27,D28,D29,D30,D31,D32,D33,D34,D35,D36,D37,D54,D55,D56,D57","Diode_SMD:D_SOD-323","C502526"
"5V6","D38","Diode_SMD:D_SMB","C70260"
"PACDN042Y3R","D39","Package_TO_SOT_SMD:SOT-23","C233486"
"3.6V","D40,D41,D42,D43,D44,D45,D46,D47,D48,D49,D50,D51,D52,D53,D59","Diode_SMD:D_SOD-323","C271261"
"SS34","D9","Diode_SMD:D_SMA","C8678"
"DS18B20","DS1,DS2,DS3,DS4,DS5,DS6,DS7,DS8","Connector_JST:JST_XH_B3B-XH-A_1x03_P2.50mm_Vertical","C144394"
"LAN8720 (Not Placed)","ETH1","Connector_IDC:IDC-Header_2x07_P2.54mm_Vertical",""
"T2.5A","F1","Fuse:Fuse_Littelfuse_395Series","C354903"
"MINISMDC150F/16-2","F2","Resistor_SMD:R_1812_4532Metric","C315955"
"SMW2012B221CTE","FL1,FL2","Inductor_SMD:L_CommonModeChoke_Coilcraft_0805USB","C254902"
"12Vin","IN1","Connector_JST:JST_XH_B2B-XH-A_1x02_P2.50mm_Vertical","C158012 "
"P2","JP1,JP13,JP14","Jumper:SolderJumper-2_P1.3mm_Bridged_RoundedPad1.0x1.5mm",""
"BUTTON","K1","Connector_PinHeader_2.54mm:PinHeader_1x02_P2.54mm_Vertical","C358684"
"RESET","K2","Jumper:SolderJumper-2_P1.3mm_Open_RoundedPad1.0x1.5mm",""
"BUTTON2","K3","Connector_PinHeader_2.54mm:PinHeader_1x02_P2.54mm_Vertical","C358684"
"MWSA0603S-8R2MT","L1,L2","Inductor_SMD:L_Sumida_CDMC6D28_7.25x6.5mm","C408450"
"220R@100MHz","L3,L4,L5,L6","Inductor_SMD:L_0805_2012Metric","C316275"
"MSP2401","LCD1","Connector_JST:JST_XH_B9B-XH-A_1x09_P2.50mm_Vertical","C157966"
"Conn_01x01","PC0,PC2,PD3,PE5,PB9,PD10,PC13,PD13,PC14,PD14,PC15","TestPoint:TestPoint_Pad_D1.5mm",""
"SI2309CDS","Q1","Package_TO_SOT_SMD:SOT-23","C558250"
"BC848 (Not Placed)","Q14","Package_TO_SOT_SMD:SOT-23",""
"AO3401A (Not Placed)","Q15","Package_TO_SOT_SMD:SOT-23",""
"BC858","Q18","Package_TO_SOT_SMD:SOT-23","C549539"
"BC848","Q2,Q4,Q6,Q8,Q12,Q16,Q17","Package_TO_SOT_SMD:SOT-23","C2137"
"AO3401A","Q3,Q5,Q7,Q9,Q10,Q11,Q13","Package_TO_SOT_SMD:SOT-23","C693260"
"1k Prec","R1","Resistor_SMD:R_0805_2012Metric","C100051"
"33k","R10","Resistor_SMD:R_0805_2012Metric","C101996"
"4k7","R49,R50,R52,R54,R93,R102","Resistor_SMD:R_0805_2012Metric","C702836"
"33","R104","Resistor_SMD:R_0805_2012Metric","C100047"
"10k","R3,R6,R7,R8,R11,R42,R43,R44,R45,R47,R48,R53,R55,R56,R59,R64,R65,R66,R71,R72,R76,R80,R91,R92,R100","Resistor_SMD:R_0805_2012Metric","C100047"
"10k Prec","R12,R13,R40,R41","Resistor_SMD:R_0805_2012Metric","C164148"
"2k2","R17,R18,R19,R25,R26,R32,R33,R34,R62,R63","Resistor_SMD:R_0805_2012Metric","C26017"
"15k Prec","R2","Resistor_SMD:R_0805_2012Metric","C163412"
"82R","R20,R21,R22,R27,R28,R35,R36,R37","Resistor_SMD:R_2010_5025Metric","C20464"
"20k","R4,R5,R67","Resistor_SMD:R_0805_2012Metric","C139905"
"10R","R46","Resistor_SMD:R_0805_2012Metric","C25278"
"10k (Not Placed)","R57,R58","Resistor_SMD:R_0805_2012Metric",""
"47R","R68","Resistor_SMD:R_0805_2012Metric","C25315"
"0R","R69,R75","Resistor_SMD:R_0805_2012Metric",""
"Open (Not Placed)","R70","Resistor_SMD:R_0805_2012Metric",""
"470R","R73,R77,R103","Resistor_SMD:R_0805_2012Metric","C119076"
"220R","R79","Resistor_SMD:R_0805_2012Metric","C104115 "
"23k7 Prec","R81","Resistor_SMD:R_0805_2012Metric","C17564"
"68k Prec","R39,R82","Resistor_SMD:R_0805_2012Metric","C407437"
"12k Prec","R60,R83","Resistor_SMD:R_0805_2012Metric","C471851"
"22R Prec","R38,R61,R84,R85","Resistor_SMD:R_0805_2012Metric","C407468"
"1k","R9,R51,R74,R78,R86,R89,R90,R101","Resistor_SMD:R_0805_2012Metric","C702836"
"100R","R14,R15,R16,R23,R24,R29,R30,R31,R87","Resistor_SMD:R_0805_2012Metric","C702858"
"1.1k Prec","R88","Resistor_SMD:R_0805_2012Metric","C543897"
"0R10","R94,R95,R96,R97,R98","Resistor_SMD:R_1206_3216Metric","C327458"
"22k","R99","Resistor_SMD:R_0805_2012Metric","C416134"
"UART","SP1","Connector_PinHeader_2.54mm:PinHeader_1x04_P2.54mm_Vertical","C390680"
"ST-Link","ST1","Connector_PinHeader_2.54mm:PinHeader_1x04_P2.54mm_Vertical","C390680"
"STMPS2141","U1,U2","Package_TO_SOT_SMD:SOT-23-5","C54624"
"74HC595D","U10","Package_SO:SOIC-16_3.9x9.9mm_P1.27mm","C431479"
"MT3608","U11","Package_TO_SOT_SMD:SOT-23-6","C84817"
"LMR14020","U12","Package_SO:Texas_HSOP-8-1EP_3.9x4.9mm_P1.27mm_ThermalVias","C187824"
"FS8205A","U13","Package_SO:TSSOP-8_4.4x3mm_P0.65mm","C16052"
"DW01A","U14","Package_TO_SOT_SMD:SOT-23-6","C841289"
"TP4056","U15","Package_SO:Texas_HSOP-8-1EP_3.9x4.9mm_P1.27mm_ThermalVias","C382139"
"MPU-6050M","U16","Motion_sense:InvenSense_QFN-24_4x4mm_P0.5mm_PAD","C24112"
"24AA02E48-I/SN (Not placed)","U17","Package_SO:SOIC-8_3.9x4.9mm_P1.27mm",""
"TL431 (0.5%)","U18","Package_TO_SOT_SMD:SOT-23","C181103"
"USBLC6-2P6","U3,U4","Package_TO_SOT_SMD:SOT-23-6","C7519"
"W25Q64FVSIG","U5","Package_SO:SOIC-8_5.275x5.275mm_P1.27mm","C164118"
"MCP1700 (Not Placed)","U6","Package_TO_SOT_SMD:SOT-23",""
"DS3231SN","U7","Package_SO:SOIC-16W_7.5x10.3mm_P1.27mm","C9866"
"STM32F407VGT6","U8","Package_QFP:LQFP-100_14x14mm_P0.5mm","C12345"
"MCP1700","U9","Package_TO_SOT_SMD:SOT-23","C39051"
"Keyboard","USB1","Connector_JST:JST_XH_B4B-XH-A_1x04_P2.50mm_Vertical","C144395"
"Pendrive","USB2","Connector_JST:JST_XH_B4B-XH-A_1x04_P2.50mm_Vertical","C144395"
"8MHz","X1","Crystal:Crystal_SMD_5032-2Pin_5.0x3.2mm","C108703"